{"count":1,"gauges":{},"self":35.7551968,"total":37.467276,"children":{"AgentResetIfDone":{"count":1838,"self":0.060010999999999995,"total":0.060010999999999995,"children":null},"AgentSendState":{"count":1838,"self":0.454765,"total":1.491331,"children":{"CollectObservations":{"count":22056,"self":1.0365659999999999,"total":1.0365659999999999,"children":null}}},"DecideAction":{"count":1838,"self":0.05846,"total":0.05846,"children":null},"AcademyStep":{"count":1838,"self":0.029428,"total":0.029428,"children":null},"AgentAct":{"count":1838,"self":0.070568999999999993,"total":0.070568999999999993,"children":null}}}